Total_area_m2,Built_area_m2,Rooms,Bathrooms,HalfBathrooms,Parkings,Antiguedad,Servicios,Colonia,Alcaldia,Ciudad,Estado,Price,Maintenance_cost,Address,PropertyType,PostingType,Latitude,Longitude,PostingID,URL
150,150,3,1,0,2,20,['Internet/Wifi'],Guadalupe Tepeyac,Gustavo A. Madero,Ciudad de México,Mexico,1250000,0,"Lidia 4e, Guadalupe Tepeyac, Ciudad de Mexico",Casa,PROPERTY,19.4634638,-99.1214299,141852378,https://www.inmuebles24.com/propiedades/clasificado/veclcain-bella-casa-en-guadalupe-tepeyac!-141852378.html
70,70,2,1,0,1,16,"['Internet/Wifi', 'Servicios básicos (agua/luz)']",Residencial Zacatenco,Gustavo A. Madero,Ciudad de México,Mexico,889000,0,Mollendo 1038,Casa,PROPERTY,19.5007169,-99.124541,149307710,https://www.inmuebles24.com/propiedades/clasificado/veclcain--gran-oportunidad!-depto-en-venta-a-un-precio-por-149307710.html
217,499,5,4,1,2,30,['Internet/Wifi'],Lindavista,Gustavo A. Madero,Ciudad de México,Mexico,1000000,0,Casma # 717,Casa,PROPERTY,19.4927582,-99.1357355,143111824,https://www.inmuebles24.com/propiedades/clasificado/veclcain-casa-en-venta-en-col.-lindavista-143111824.html
123,164,3,2,0,1,22,"['Internet/Wifi', 'Area de lavandería', 'Servicios básicos (agua/luz)']",Estrella,Gustavo A. Madero,Ciudad de México,Mexico,1040000,0,Sardónica ,Casa,PROPERTY,19.4733864,-99.1135773,150569765,https://www.inmuebles24.com/propiedades/clasificado/veclcain-casa-en-venta-en-col.-estrella-gustavo-a.-madero-150569765.html
120,60,2,1,0,1,31,"['Internet/Wifi', 'Servicios básicos (agua/luz)']",Vasco de Quiroga,Gustavo A. Madero,Ciudad de México,Mexico,1000000,0,CALLE JUAN BOSCO NO  107 LT 4 MZA,Casa,PROPERTY,19.4912922,-99.0944108,150645065,https://www.inmuebles24.com/propiedades/clasificado/veclcain-casa-en-calle-juan-bosco-no-107-lt-4-mza-1-fracc-150645065.html
273,273,4,2,0,2,0,"['Area de lavandería', 'Servicios básicos (agua/luz)']",Estanzuela,Gustavo A. Madero,Ciudad de México,Mexico,1790800,0,Lic. Verdad 32,Casa,PROPERTY,19.488129,-99.1126409,149257950,https://www.inmuebles24.com/propiedades/clasificado/veclcain-casa-en-venta-martin-carrera-149257950.html
50,50,2,1,0,1,10,"['Internet/Wifi', 'Servicios básicos (agua/luz)']",Nueva Industrial Vallejo,Gustavo A. Madero,Ciudad de México,Mexico,890000,0,Calle Tetrazzini 232,Casa,PROPERTY,19.4667787,-99.131672,150932719,https://www.inmuebles24.com/propiedades/clasificado/veclcain-casa-en-calle-tetrazzini-no-232-col-industrial-150932719.html
196,282,3,1,1,2,29,"['Línea blanca', 'Aire acondicionado', 'Area de lavandería', 'Servicios básicos (agua/luz)']",San Felipe de Jesús,Gustavo A. Madero,Ciudad de México,Mexico,627000,0,Atizapan de Zaragoza 133,Casa,PROPERTY,19.4941752,-99.0715292,146066060,https://www.inmuebles24.com/propiedades/clasificado/veclcain--gran-oportunidad!-casa-de-remate-en-gustavo-a-madero-146066060.html
291,330,4,3,1,2,18,"['Internet/Wifi', 'Línea blanca', 'Servicios básicos (agua/luz)']",Lindavista Norte,Gustavo A. Madero,Ciudad de México,Mexico,2852000,0,Lima ,Casa,PROPERTY,19.4939749,-99.1260188,150994073,https://www.inmuebles24.com/propiedades/clasificado/veclcain-casa-en-venta-en-lindavista-norte-150994073.html
163,370,3,2,0,1,12,['Internet/Wifi'],Industrial,Gustavo A. Madero,Ciudad de México,Mexico,1300000,0,Carolina 30,Casa,PROPERTY,19.4793378,-99.125077,147849958,https://www.inmuebles24.com/propiedades/clasificado/veclcain-se-vende-casa-en-col-industrial-147849958.html
160,160,5,3,3,2,10,"['Internet/Wifi', 'Area de lavandería', 'Servicios básicos (agua/luz)']",Nueva Vallejo,Gustavo A. Madero,Ciudad de México,Mexico,1390000,0,Norte 17-A,Casa,PROPERTY,19.484009,-99.1475063,150568724,https://www.inmuebles24.com/propiedades/clasificado/veclcain-casa-en-nuevo-vallejo-remate-bancario-con-150568724.html
245,364,5,2,2,2,49,"['Internet/Wifi', 'Línea blanca', 'Servicios básicos (agua/luz)']",Lindavista Sur,Gustavo A. Madero,Ciudad de México,Mexico,2145000,0,Av. de los 45 Metros 681,Casa,PROPERTY,19.4958535,-99.1404602,151235858,https://www.inmuebles24.com/propiedades/clasificado/veclcain-casa-en-venta-en-lindavista-sur-151235858.html
50,50,2,1,0,1,5,"['Internet/Wifi', 'Servicios básicos (agua/luz)']",Vallejo,Gustavo A. Madero,Ciudad de México,Mexico,548890,0,Calle Tetrazzini,Casa,PROPERTY,19.46618623318264,-99.13173783810328,151286547,https://www.inmuebles24.com/propiedades/clasificado/veclcain-remate-bancario-casa-en-vallejo-gustavo-a.-madero-151286547.html
140,140,3,2,0,2,19,"['Internet/Wifi', 'Seguridad privada', 'Línea blanca', 'Aire acondicionado', 'Calefacción', 'Area de lavandería', 'Servicios básicos (agua/luz)']",Lindavista Norte,Gustavo A. Madero,Ciudad de México,Mexico,1672000,0,Lindavista Norte,Casa,PROPERTY,19.494112,-99.1276295,150876739,https://www.inmuebles24.com/propiedades/clasificado/veclcain-remato-casa-en-lindavista-norte-gustavo-a.-madero-150876739.html
430,4480,3,3,1,3,7,"['Internet/Wifi', 'Seguridad privada', 'Área de Juegos Infantiles', 'Servicios básicos (agua/luz)']",Valle del Tepeyac,Gustavo A. Madero,Ciudad de México,Mexico,2240193,0,Moctezuma 525,Casa,PROPERTY,19.4881524,-99.141459,151118764,https://www.inmuebles24.com/propiedades/clasificado/veclcain-casa-en-valle-del-tepeyac-g.-a.-m.-cdmx.-151118764.html
223,277,4,3,0,3,63,"['Internet/Wifi', 'Área de Juegos Infantiles', 'Servicios básicos (agua/luz)']",Guadalupe Insurgentes,Gustavo A. Madero,Ciudad de México,Mexico,8000000,0,Excelsior 239,Casa,PROPERTY,19.4752201,-99.132246,150808545,https://www.inmuebles24.com/propiedades/clasificado/veclcain-casa-en-excelsior-239-guadalupe-insurgentes-gustavo-150808545.html
160,160,4,2,0,2,10,"['Internet/Wifi', 'Servicios básicos (agua/luz)']",Lindavista Vallejo,Gustavo A. Madero,Ciudad de México,Mexico,1490000,0,Norte 17-A,Casa,PROPERTY,19.484009,-99.1475063,150941395,https://www.inmuebles24.com/propiedades/clasificado/veclcain-casa-venta-remate-lindavista-vallejo-gustavo-a-madero-150941395.html
200,150,3,1,0,1,45,"['Internet/Wifi', 'Servicios básicos (agua/luz)']",Guadalupe Tepeyac,Gustavo A. Madero,Ciudad de México,Mexico,2200000,0,daniel ,Casa,PROPERTY,19.4641723,-99.1212208,144908291,https://www.inmuebles24.com/propiedades/clasificado/veclcain-casa-en-venta-en-guadalupe-tepeyac-144908291.html
190,284,4,4,0,1,20,"['Línea blanca', 'Servicios básicos (agua/luz)']",Guadalupe Tepeyac,Gustavo A. Madero,Ciudad de México,Mexico,8980000,0,Alicia 112B,Casa,PROPERTY,19.4677285,-99.123146,150389917,https://www.inmuebles24.com/propiedades/clasificado/veclcain-casa-en-venta-en-guadalupe-tepeyac-en-adjudicacion-150389917.html
196,337,3,2,1,2,55,[],Lindavista Norte,Gustavo A. Madero,Ciudad de México,Mexico,1120000,0,"Ambato 956, Lindavista Nte., Gustavo A. Madero, 07300 Ciudad de México, CDMX",Casa,PROPERTY,19.5001179,-99.1290017,141693091,https://www.inmuebles24.com/propiedades/clasificado/veclcain-casa-con-196-m-sup2--superficie-de-terreno-3-141693091.html
128,250,3,2,1,2,33,"['Internet/Wifi', 'Línea blanca', 'Area de lavandería', 'Servicios básicos (agua/luz)']",Gustavo A. Madero,Ciudad de México,Mexico,,2300000,1,Av 499 133,Casa,PROPERTY,19.4712831,-99.0706751,150262249,https://www.inmuebles24.com/propiedades/clasificado/veclcain-casa-adjudicada-en-san-juan-de-aragon-vi-se-muestran-150262249.html
136,95,3,1,0,1,32,[],Guadalupe Tepeyac,Gustavo A. Madero,Ciudad de México,Mexico,1100000,0,Otilia 148,Casa,PROPERTY,19.4682239,-99.1185807,149351222,https://www.inmuebles24.com/propiedades/clasificado/veclcain-se-venda-casa-en-guadalupe-tepeyac-149351222.html
151,214,3,2,0,1,10,"['Internet/Wifi', 'Servicios básicos (agua/luz)']",Gustavo A. Madero,Ciudad de México,Mexico,,1250000,0,C. Wagner 173,Casa,PROPERTY,19.4636169,-99.1291054,147974211,https://www.inmuebles24.com/propiedades/clasificado/veclcain-se-vende-casa-en-vallejo-147974211.html
197,372,4,3,0,2,28,['Internet/Wifi'],Lindavista Norte,Gustavo A. Madero,Ciudad de México,Mexico,3600000,0,"Ambato 942 , Lindavista, Gustavo A. Madero",Casa,PROPERTY,19.5037694,-99.1324282,63574166,https://www.inmuebles24.com/propiedades/clasificado/veclcain-gran-oportunidad-para-adquirir-un-inmueble-en-gustavo-63574166.html
149,278,4,2,1,1,15,"['Internet/Wifi', 'Servicios básicos (agua/luz)']",Industrial,Gustavo A. Madero,Ciudad de México,Mexico,750000,0,romulo escobar ,Casa,PROPERTY,19.4704945,-99.1289685,144674815,https://www.inmuebles24.com/propiedades/clasificado/veclcain-se-vende-casa-en-gustavo-a-madero-144674815.html
105,100,3,1,0,1,25,"['Internet/Wifi', 'Servicios básicos (agua/luz)']",San Pedro Zacatenco,Gustavo A. Madero,Ciudad de México,Mexico,1150000,0,Pinar del Río,Casa,PROPERTY,19.5069515,-99.1214045,151180099,https://www.inmuebles24.com/propiedades/clasificado/veclcain-casa-en-venta-en-san-pedro-zacatenco-151180099.html
50,90,3,1,1,1,10,"['Internet/Wifi', 'Servicios básicos (agua/luz)']",San Juan de Aragón,Gustavo A. Madero,Ciudad de México,Mexico,1050000,1000,ANDADOR DE LA PERDIZ LT. 65,Casa,PROPERTY,19.4686303,-99.0923614,148357976,https://www.inmuebles24.com/propiedades/clasificado/veclcain-casa-en-venta-en-san-juan-de-aragon-andador-de-la-148357976.html
223,223,4,3,1,2,40,"['Internet/Wifi', 'Línea blanca', 'Area de lavandería', 'Área de Juegos Infantiles', 'Servicios básicos (agua/luz)']",Industrial,Gustavo A. Madero,Ciudad de México,Mexico,6800000,0,Excelsior 239,Casa,PROPERTY,19.4752201,-99.132246,150839116,https://www.inmuebles24.com/propiedades/clasificado/veclcain-casa-en-venta-en-guadalupe-insurgentes-entrega-150839116.html
430,480,3,3,1,3,7,"['Internet/Wifi', 'Seguridad privada', 'Area de lavandería', 'Área de Juegos Infantiles', 'Servicios básicos (agua/luz)']",Valle del Tepeyac,Gustavo A. Madero,Ciudad de México,Mexico,2240193,0,Moctezuma 525,Casa,PROPERTY,19.4881524,-99.141459,150673761,https://www.inmuebles24.com/propiedades/clasificado/veclcain-casa-en-valle-del-tepeyac-g.-a.-m.-cdmx.-150673761.html
122,185,4,2,0,2,24,"['Internet/Wifi', 'Seguridad privada', 'Línea blanca', 'Area de lavandería', 'Servicios básicos (agua/luz)']",Villa de Aragón,Gustavo A. Madero,Ciudad de México,Mexico,784000,0,Villa de Tezozomoc 34,Casa,PROPERTY,19.4689966,-99.0622102,146058049,https://www.inmuebles24.com/propiedades/clasificado/veclcain-casa-en-venta-en-villa-de-aragon-146058049.html
269,269,4,2,0,1,25,"['Internet/Wifi', 'Servicios básicos (agua/luz)']",San Juan de Aragón II Secc,Gustavo A. Madero,Ciudad de México,Mexico,2145000,1,Av. 553,Casa,PROPERTY,19.4527498,-99.0855437,151223916,https://www.inmuebles24.com/propiedades/clasificado/veclcain-venta-de-casa-en-553.-san-juan-de-aragon-gustavo-a-151223916.html
194,436,3,2,1,1,15,"['Internet/Wifi', 'Servicios básicos (agua/luz)']",San Felipe de Jesús,Gustavo A. Madero,Ciudad de México,Mexico,700000,0,Atoyac 187,Casa,PROPERTY,19.4959806,-99.0725791,150607103,https://www.inmuebles24.com/propiedades/clasificado/veclcain-casa-en-venta-en-san-felipe-de-jesus-150607103.html
147,170,4,2,1,1,20,"['Línea blanca', 'Servicios básicos (agua/luz)']",Valle del Tepeyac,Gustavo A. Madero,Ciudad de México,Mexico,5000000,0,Oroya 549,Casa,PROPERTY,19.486898,-99.1377985,149503603,https://www.inmuebles24.com/propiedades/clasificado/veclcain-casa-en-venta-en-oroya-549-churubusco-tepeyac-149503603.html
149,278,3,2,0,2,18,['Internet/Wifi'],Industrial,Gustavo A. Madero,Ciudad de México,Mexico,1000000,0,Romulo Escobar 34,Casa,PROPERTY,19.4704945,-99.1289685,143900305,https://www.inmuebles24.com/propiedades/clasificado/veclcain-se-vende-casa-en-gustavo-a.-madero-143900305.html
215,243,3,2,0,1,10,"['Internet/Wifi', 'Servicios básicos (agua/luz)']",Lindavista Norte,Gustavo A. Madero,Ciudad de México,Mexico,1200000,0,Sierravista 215,Casa,PROPERTY,19.4950961,-99.1250141,147849708,https://www.inmuebles24.com/propiedades/clasificado/veclcain-se-vende-casa-en-linda-vista-norte-147849708.html
179,230,5,2,1,3,10,"['Línea blanca', 'Servicios básicos (agua/luz)']",Gustavo A. Madero,Ciudad de México,Mexico,,1400000,0,Bogotá 614,Casa,PROPERTY,19.484896,-99.1281661,149502706,https://www.inmuebles24.com/propiedades/clasificado/veclcain-casa-en-venta-en-bogota-614-lindavista-gustavo-a.-149502706.html
202,155,3,2,0,2,15,"['Internet/Wifi', 'Servicios básicos (agua/luz)']",Vasco de Quiroga,Gustavo A. Madero,Ciudad de México,Mexico,1385000,0,Juan Bosco No 107 Vasco de Quiroga,Casa,PROPERTY,19.491284549520383,-99.0944019871414,150993039,https://www.inmuebles24.com/propiedades/clasificado/veclcain-casa-de-202-m-sup2--con-3-recamaras-en-venta-en-vasco-150993039.html
100,120,3,2,0,2,32,"['Internet/Wifi', 'Servicios básicos (agua/luz)']",Vasco de Quiroga,Gustavo A. Madero,Ciudad de México,Mexico,1100000,0,Calle juan bosco 107,Casa,PROPERTY,19.4912922,-99.0944108,150462980,https://www.inmuebles24.com/propiedades/clasificado/veclcain-propiedad-en-calle-juan-bosco-107-vasco-de-quiroga-150462980.html
156,262,3,2,1,1,50,['Servicios básicos (agua/luz)'],Valle del Tepeyac,Gustavo A. Madero,Ciudad de México,Mexico,1275000,0,Calle Caldas 582,Casa,PROPERTY,19.4886712,-99.1411453,150761282,https://www.inmuebles24.com/propiedades/clasificado/veclcain-casa-de-156-m-sup2--con-3-recamaras-en-venta-en-valle-150761282.html
190,220,4,3,1,2,21,['Area de lavandería'],C.T.M. El Risco,Gustavo A. Madero,Ciudad de México,Mexico,1550000,0,Ricardo González Rico 33,Casa,PROPERTY,19.5111787,-99.0980979,149688179,https://www.inmuebles24.com/propiedades/clasificado/veclcain-casa-en-venta-en-ctm-el-risco-149688179.html
458,382,4,2,2,2,8,"['Línea blanca', 'Servicios básicos (agua/luz)']",Lindavista Norte,Gustavo A. Madero,Ciudad de México,Mexico,2000000,0,Managua 877,Casa,PROPERTY,19.4961821,-99.1286077,149693380,https://www.inmuebles24.com/propiedades/clasificado/veclcain-casa-en-venta-en-managua-877-lindavista-nte.-149693380.html
152,225,3,2,0,1,23,['Internet/Wifi'],Gertrudiz Sánchez,Gustavo A. Madero,Ciudad de México,Mexico,970000,0,Norte 82 5813,Casa,PROPERTY,19.4646444,-99.1021368,67059277,https://www.inmuebles24.com/propiedades/clasificado/veclcain-casa-en-venta-en-gustavo-a-madero-67059277.html
140,343,3,2,0,1,35,"['Línea blanca', 'Servicios básicos (agua/luz)']",Ampliación Progreso Nacional,Gustavo A. Madero,Ciudad de México,Mexico,2214500,0,C. 15 74,Casa,PROPERTY,19.5170312,-99.1596671,150197899,https://www.inmuebles24.com/propiedades/clasificado/veclcain-casa-en-venta-ampliacion-progreso-nacional-gam-150197899.html
223,277,4,3,0,3,19,"['Internet/Wifi', 'Seguridad privada', 'Línea blanca', 'Aire acondicionado', 'Calefacción', 'Area de lavandería', 'Servicios básicos (agua/luz)']",Guadalupe Insurgentes,Gustavo A. Madero,Ciudad de México,Mexico,8000000,0,Guadalupe Insurgentes,Casa,PROPERTY,19.4739758,-99.1324714,150821477,https://www.inmuebles24.com/propiedades/clasificado/veclcain-vendo-casa-en-guadalupe-insurgentes-gustavo-a.-madero-150821477.html
115,122,3,2,0,1,12,"['Internet/Wifi', 'Servicios básicos (agua/luz)']",Estrella,Gustavo A. Madero,Ciudad de México,Mexico,1200000,0,Prolongación Turquesa 31,Casa,PROPERTY,19.472372,-99.1157958,147859018,https://www.inmuebles24.com/propiedades/clasificado/veclcain-se-vende-casa-en-col.-estrella-147859018.html
127,212,4,3,1,2,19,"['Internet/Wifi', 'Seguridad privada', 'Línea blanca', 'Aire acondicionado', 'Calefacción', 'Servicios básicos (agua/luz)']",San Juan de Aragón,Gustavo A. Madero,Ciudad de México,Mexico,2170600,0,San Juan de Aragón,Casa,PROPERTY,19.4686303,-99.0923614,150668030,https://www.inmuebles24.com/propiedades/clasificado/veclcain-vendo-casa-en-san-juan-de-aragon-gustavo-a.-madero-150668030.html
295,361,4,2,1,2,8,"['Línea blanca', 'Servicios básicos (agua/luz)']",Lindavista Norte,Gustavo A. Madero,Ciudad de México,Mexico,950000,0,Matagalpa 932,Casa,PROPERTY,19.4984043,-99.1274426,149689028,https://www.inmuebles24.com/propiedades/clasificado/veclcain-casa-en-venta-en-matagalpa-932-lindavista-nte.-149689028.html
97,165,3,2,0,1,47,"['Internet/Wifi', 'Servicios básicos (agua/luz)']",Gustavo A. Madero,Ciudad de México,Mexico,,850000,0,C. 651 49,Casa,PROPERTY,19.4514874,-99.0612016,151151147,https://www.inmuebles24.com/propiedades/clasificado/veclcain-casa-en-san-juan-de-aragon-excelente-precio-de-151151147.html
168,300,3,2,0,1,17,['Servicios básicos (agua/luz)'],San Juan de Aragón,Gustavo A. Madero,Ciudad de México,Mexico,900000,0,Avenida 511 230,Casa,PROPERTY,19.4650013,-99.0919407,149295599,https://www.inmuebles24.com/propiedades/clasificado/veclcain-venta-de-casa-san-juan-de-aragon-149295599.html
247,247,4,2,0,2,25,['Internet/Wifi'],Guadalupe Tepeyac,Gustavo A. Madero,Ciudad de México,Mexico,1650000,0,"Elsa #8 Guadalupe Tepeyac, Cidad de Mexico, CDMX",Casa,PROPERTY,19.4542422,-99.1300319,141679914,https://www.inmuebles24.com/propiedades/clasificado/veclcain-bonita-casa-en-guadalupe-tepeyac!-141679914.html
76,105,3,2,1,1,33,[],Gustavo A. Madero,Ciudad de México,Mexico,,1500000,0,Vicente García González 104,Casa,PROPERTY,19.5082949,-99.0950049,149738016,https://www.inmuebles24.com/propiedades/clasificado/veclcain-casa-en-venta-unidad-ctm-el-risco-149738016.html
80,80,3,2,0,1,4,"['Internet/Wifi', 'Servicios básicos (agua/luz)']",General Felipe Berriozabal,Gustavo A. Madero,Ciudad de México,Mexico,3200000,500,Escuela Primaría General Felipe Berriozabal,Casa,PROPERTY,19.5559883,-99.1289672,151192252,https://www.inmuebles24.com/propiedades/clasificado/veclcain-casa-en-venta-en-felipe-de-berriozabal-gustavo-a.-151192252.html
233,277,5,3,1,1,25,"['Internet/Wifi', 'Servicios básicos (agua/luz)']",Guadalupe Insurgentes,Gustavo A. Madero,Ciudad de México,Mexico,8200000,1500,Excelsior 239,Casa,PROPERTY,19.4752201,-99.132246,150147418,https://www.inmuebles24.com/propiedades/clasificado/veclcain-casa-adjudicada-en-guadalupe-insurgentes-se-muestran-150147418.html
137,104,3,1,1,2,28,['Servicios básicos (agua/luz)'],Estrella,Gustavo A. Madero,Ciudad de México,Mexico,1100000,0,Prol. Granate 29,Casa,PROPERTY,19.473054,-99.1179046,149387133,https://www.inmuebles24.com/propiedades/clasificado/veclcain-se-vende-casa-en-colonia-la-estrella-149387133.html
180,262,4,2,1,1,10,"['Línea blanca', 'Servicios básicos (agua/luz)']",Lindavista Sur,Gustavo A. Madero,Ciudad de México,Mexico,2600000,0,Casma 720,Casa,PROPERTY,19.4929359,-99.1359718,149504066,https://www.inmuebles24.com/propiedades/clasificado/veclcain-casa-en-venta-en-casma-720-lindavista-sur-gustavo-a.-149504066.html
223,277,4,3,0,3,63,"['Internet/Wifi', 'Área de Juegos Infantiles', 'Servicios básicos (agua/luz)']",Guadalupe Insurgentes,Gustavo A. Madero,Ciudad de México,Mexico,8200000,0,Excelsior 239,Casa,PROPERTY,19.4752201,-99.132246,151121010,https://www.inmuebles24.com/propiedades/clasificado/veclcain-casa-en-excelsior-239-guadalupe-insurgentes-gustavo-151121010.html
129,120,3,2,1,1,10,"['Internet/Wifi', 'Area de lavandería', 'Servicios básicos (agua/luz)']",General Felipe Berriozabal,Gustavo A. Madero,Ciudad de México,Mexico,3200000,0,JERONIMO TREVIÑO ,Casa,PROPERTY,19.5551604,-99.1297045,151254349,https://www.inmuebles24.com/propiedades/clasificado/veclcain-pb-cdmx-gam-gv-151254349.html
223,277,5,3,1,2,38,"['Internet/Wifi', 'Línea blanca', 'Servicios básicos (agua/luz)']",Industrial,Gustavo A. Madero,Ciudad de México,Mexico,6000000,1,Excelsior 239,Casa,PROPERTY,19.4752201,-99.132246,150147520,https://www.inmuebles24.com/propiedades/clasificado/veclcain-casa-adjudicada-en-guadalupe-insurgentes-se-muestran-150147520.html
190,284,5,3,1,2,34,"['Internet/Wifi', 'Línea blanca', 'Area de lavandería', 'Área de Juegos Infantiles', 'Servicios básicos (agua/luz)']",Guadalupe Tepeyac,Gustavo A. Madero,Ciudad de México,Mexico,8900000,0,Alicia 112B,Casa,PROPERTY,19.4677285,-99.123146,150342379,https://www.inmuebles24.com/propiedades/clasificado/veclcain-casa-adjudicada-en-venta-en-guadalupe-tepeyac-150342379.html
